Title,ASIN,URL
VISUAL PRISON comics 連載版：8 (ブシロードコミックス)  ,B0BB7CK2R5,https://www.amazon.co.jp/VISUAL-PRISON-comics-%E9%80%A3%E8%BC%89%E7%89%88%EF%BC%9A8-%E3%83%96%E3%82%B7%E3%83%AD%E3%83%BC%E3%83%89%E3%82%B3%E3%83%9F%E3%83%83%E3%82%AF%E3%82%B9-ebook/dp/B0BB7CK2R5/ref=sr_1_1?keywords=prison&qid=1661835984&s=books&sr=1-1
天獄 ― HEAVEN'S PRISON ― 1 (ヤングジャンプコミックスDIGITAL)  ,B00GBME38Q,https://www.amazon.co.jp/%E5%A4%A9%E7%8D%84-%E2%80%95-HEAVENS-PRISON-%E3%83%A4%E3%83%B3%E3%82%B0%E3%82%B8%E3%83%A3%E3%83%B3%E3%83%97%E3%82%B3%E3%83%9F%E3%83%83%E3%82%AF%E3%82%B9DIGITAL-ebook/dp/B00GBME38Q/ref=sr_1_2?keywords=prison&qid=1661835984&s=books&sr=1-2
天獄 ― HEAVEN'S PRISON ― 12 (ヤングジャンプコミックスDIGITAL)  ,B010SOFUZ2,https://www.amazon.co.jp/%E5%A4%A9%E7%8D%84-HEAVENS-PRISON-12-%E3%83%A4%E3%83%B3%E3%82%B0%E3%82%B8%E3%83%A3%E3%83%B3%E3%83%97%E3%82%B3%E3%83%9F%E3%83%83%E3%82%AF%E3%82%B9DIGITAL-ebook/dp/B010SOFUZ2/ref=sr_1_3?keywords=prison&qid=1661835984&s=books&sr=1-3
天獄 ― HEAVEN'S PRISON ― 2 (ヤングジャンプコミックスDIGITAL)  ,B00GBME37C,https://www.amazon.co.jp/%E5%A4%A9%E7%8D%84-%E2%80%95-HEAVENS-PRISON-%E3%83%A4%E3%83%B3%E3%82%B0%E3%82%B8%E3%83%A3%E3%83%B3%E3%83%97%E3%82%B3%E3%83%9F%E3%83%83%E3%82%AF%E3%82%B9DIGITAL-ebook/dp/B00GBME37C/ref=sr_1_4?keywords=prison&qid=1661835984&s=books&sr=1-4
天獄 ― HEAVEN'S PRISON ― 6 (ヤングジャンプコミックスDIGITAL)  ,B00GBME36S,https://www.amazon.co.jp/%E5%A4%A9%E7%8D%84-%E2%80%95-HEAVENS-PRISON-%E3%83%A4%E3%83%B3%E3%82%B0%E3%82%B8%E3%83%A3%E3%83%B3%E3%83%97%E3%82%B3%E3%83%9F%E3%83%83%E3%82%AF%E3%82%B9DIGITAL-ebook/dp/B00GBME36S/ref=sr_1_5?keywords=prison&qid=1661835984&s=books&sr=1-5
天獄 ― HEAVEN'S PRISON ― 9 (ヤングジャンプコミックスDIGITAL)  ,B00I3CASUO,https://www.amazon.co.jp/%E5%A4%A9%E7%8D%84-%E2%80%95-HEAVENS-PRISON-%E3%83%A4%E3%83%B3%E3%82%B0%E3%82%B8%E3%83%A3%E3%83%B3%E3%83%97%E3%82%B3%E3%83%9F%E3%83%83%E3%82%AF%E3%82%B9DIGITAL-ebook/dp/B00I3CASUO/ref=sr_1_6?keywords=prison&qid=1661835984&s=books&sr=1-6
天獄 ― HEAVEN'S PRISON ― 11 (ヤングジャンプコミックスDIGITAL)  ,B00YPDHRSG,https://www.amazon.co.jp/%E5%A4%A9%E7%8D%84-HEAVENS-PRISON-11-%E3%83%A4%E3%83%B3%E3%82%B0%E3%82%B8%E3%83%A3%E3%83%B3%E3%83%97%E3%82%B3%E3%83%9F%E3%83%83%E3%82%AF%E3%82%B9DIGITAL-ebook/dp/B00YPDHRSG/ref=sr_1_7?keywords=prison&qid=1661835984&s=books&sr=1-7
天獄 ― HEAVEN'S PRISON ― 4 (ヤングジャンプコミックスDIGITAL)  ,B00GBME34K,https://www.amazon.co.jp/%E5%A4%A9%E7%8D%84-%E2%80%95-HEAVENS-PRISON-%E3%83%A4%E3%83%B3%E3%82%B0%E3%82%B8%E3%83%A3%E3%83%B3%E3%83%97%E3%82%B3%E3%83%9F%E3%83%83%E3%82%AF%E3%82%B9DIGITAL-ebook/dp/B00GBME34K/ref=sr_1_8?keywords=prison&qid=1661835984&s=books&sr=1-8
天獄 ― HEAVEN'S PRISON ― 10 (ヤングジャンプコミックスDIGITAL)  ,B00VJWEA0O,https://www.amazon.co.jp/%E5%A4%A9%E7%8D%84-HEAVENS-PRISON-10-%E3%83%A4%E3%83%B3%E3%82%B0%E3%82%B8%E3%83%A3%E3%83%B3%E3%83%97%E3%82%B3%E3%83%9F%E3%83%83%E3%82%AF%E3%82%B9DIGITAL-ebook/dp/B00VJWEA0O/ref=sr_1_9?keywords=prison&qid=1661835984&s=books&sr=1-9
天獄 ― HEAVEN'S PRISON ― 8 (ヤングジャンプコミックスDIGITAL)  ,B00GBME3DQ,https://www.amazon.co.jp/%E5%A4%A9%E7%8D%84-%E2%80%95-HEAVENS-PRISON-%E3%83%A4%E3%83%B3%E3%82%B0%E3%82%B8%E3%83%A3%E3%83%B3%E3%83%97%E3%82%B3%E3%83%9F%E3%83%83%E3%82%AF%E3%82%B9DIGITAL-ebook/dp/B00GBME3DQ/ref=sr_1_10?keywords=prison&qid=1661835984&s=books&sr=1-10
天獄 ― HEAVEN'S PRISON ― 7 (ヤングジャンプコミックスDIGITAL)  ,B00GBME36I,https://www.amazon.co.jp/%E5%A4%A9%E7%8D%84-%E2%80%95-HEAVENS-PRISON-%E3%83%A4%E3%83%B3%E3%82%B0%E3%82%B8%E3%83%A3%E3%83%B3%E3%83%97%E3%82%B3%E3%83%9F%E3%83%83%E3%82%AF%E3%82%B9DIGITAL-ebook/dp/B00GBME36I/ref=sr_1_11?keywords=prison&qid=1661835984&s=books&sr=1-11
天獄 ― HEAVEN'S PRISON ― 5 (ヤングジャンプコミックスDIGITAL)  ,B00GBME30E,https://www.amazon.co.jp/%E5%A4%A9%E7%8D%84-%E2%80%95-HEAVENS-PRISON-%E3%83%A4%E3%83%B3%E3%82%B0%E3%82%B8%E3%83%A3%E3%83%B3%E3%83%97%E3%82%B3%E3%83%9F%E3%83%83%E3%82%AF%E3%82%B9DIGITAL-ebook/dp/B00GBME30E/ref=sr_1_12?keywords=prison&qid=1661835984&s=books&sr=1-12
天獄 ― HEAVEN'S PRISON ― 3 (ヤングジャンプコミックスDIGITAL)  ,B00GBME35Y,https://www.amazon.co.jp/%E5%A4%A9%E7%8D%84-%E2%80%95-HEAVENS-PRISON-%E3%83%A4%E3%83%B3%E3%82%B0%E3%82%B8%E3%83%A3%E3%83%B3%E3%83%97%E3%82%B3%E3%83%9F%E3%83%83%E3%82%AF%E3%82%B9DIGITAL-ebook/dp/B00GBME35Y/ref=sr_1_13?keywords=prison&qid=1661835984&s=books&sr=1-13
VISUAL PRISON comics 連載版：1 (ブシロードコミックス)  ,B09QPKC2Y9,https://www.amazon.co.jp/VISUAL-PRISON-comics-%E9%80%A3%E8%BC%89%E7%89%88%EF%BC%9A1-%E3%83%96%E3%82%B7%E3%83%AD%E3%83%BC%E3%83%89%E3%82%B3%E3%83%9F%E3%83%83%E3%82%AF%E3%82%B9-ebook/dp/B09QPKC2Y9/ref=sr_1_14?keywords=prison&qid=1661835984&s=books&sr=1-14
VISUAL PRISON comics 連載版：7 (ブシロードコミックス)  ,B0B74F5RXF,https://www.amazon.co.jp/VISUAL-PRISON-comics-%E9%80%A3%E8%BC%89%E7%89%88%EF%BC%9A7-%E3%83%96%E3%82%B7%E3%83%AD%E3%83%BC%E3%83%89%E3%82%B3%E3%83%9F%E3%83%83%E3%82%AF%E3%82%B9-ebook/dp/B0B74F5RXF/ref=sr_1_15?keywords=prison&qid=1661835984&s=books&sr=1-15
VISUAL PRISON comics 連載版：6 (ブシロードコミックス)  ,B0B4KLXXL9,https://www.amazon.co.jp/VISUAL-PRISON-comics-%E9%80%A3%E8%BC%89%E7%89%88%EF%BC%9A6-%E3%83%96%E3%82%B7%E3%83%AD%E3%83%BC%E3%83%89%E3%82%B3%E3%83%9F%E3%83%83%E3%82%AF%E3%82%B9-ebook/dp/B0B4KLXXL9/ref=sr_1_16?keywords=prison&qid=1661835984&s=books&sr=1-16
VISUAL PRISON comics 連載版：7 (ブシロードコミックス)  ,B0B74F5RXF,https://www.amazon.co.jp/VISUAL-PRISON-comics-%E9%80%A3%E8%BC%89%E7%89%88%EF%BC%9A7-%E3%83%96%E3%82%B7%E3%83%AD%E3%83%BC%E3%83%89%E3%82%B3%E3%83%9F%E3%83%83%E3%82%AF%E3%82%B9-ebook/dp/B0B74F5RXF/ref=sr_1_17?keywords=prison&qid=1661835985&s=books&sr=1-17
VISUAL PRISON comics 連載版：6 (ブシロードコミックス)  ,B0B4KLXXL9,https://www.amazon.co.jp/VISUAL-PRISON-comics-%E9%80%A3%E8%BC%89%E7%89%88%EF%BC%9A6-%E3%83%96%E3%82%B7%E3%83%AD%E3%83%BC%E3%83%89%E3%82%B3%E3%83%9F%E3%83%83%E3%82%AF%E3%82%B9-ebook/dp/B0B4KLXXL9/ref=sr_1_18?keywords=prison&qid=1661835985&s=books&sr=1-18
VISUAL PRISON comics 連載版：4 (ブシロードコミックス)  ,B09Y1M9YT2,https://www.amazon.co.jp/VISUAL-PRISON-comics-%E9%80%A3%E8%BC%89%E7%89%88%EF%BC%9A4-%E3%83%96%E3%82%B7%E3%83%AD%E3%83%BC%E3%83%89%E3%82%B3%E3%83%9F%E3%83%83%E3%82%AF%E3%82%B9-ebook/dp/B09Y1M9YT2/ref=sr_1_19?keywords=prison&qid=1661835985&s=books&sr=1-19
VISUAL PRISON comics 連載版：5 (ブシロードコミックス)  ,B0B24HXLNF,https://www.amazon.co.jp/VISUAL-PRISON-comics-%E9%80%A3%E8%BC%89%E7%89%88%EF%BC%9A5-%E3%83%96%E3%82%B7%E3%83%AD%E3%83%BC%E3%83%89%E3%82%B3%E3%83%9F%E3%83%83%E3%82%AF%E3%82%B9-ebook/dp/B0B24HXLNF/ref=sr_1_20?keywords=prison&qid=1661835985&s=books&sr=1-20
VISUAL PRISON comics 連載版：3 (ブシロードコミックス)  ,B09R9R4X6P,https://www.amazon.co.jp/VISUAL-PRISON-comics-%E9%80%A3%E8%BC%89%E7%89%88%EF%BC%9A3-%E3%83%96%E3%82%B7%E3%83%AD%E3%83%BC%E3%83%89%E3%82%B3%E3%83%9F%E3%83%83%E3%82%AF%E3%82%B9-ebook/dp/B09R9R4X6P/ref=sr_1_21?keywords=prison&qid=1661835985&s=books&sr=1-21
VISUAL PRISON comics 連載版：2 (ブシロードコミックス)  ,B09R9TC59F,https://www.amazon.co.jp/VISUAL-PRISON-comics-%E9%80%A3%E8%BC%89%E7%89%88%EF%BC%9A2-%E3%83%96%E3%82%B7%E3%83%AD%E3%83%BC%E3%83%89%E3%82%B3%E3%83%9F%E3%83%83%E3%82%AF%E3%82%B9-ebook/dp/B09R9TC59F/ref=sr_1_22?keywords=prison&qid=1661835985&s=books&sr=1-22
監獄学園　超合本版（４） (ヤングマガジンコミックス)  ,B07BWFB4GF,https://www.amazon.co.jp/%E7%9B%A3%E7%8D%84%E5%AD%A6%E5%9C%92-%E8%B6%85%E5%90%88%E6%9C%AC%E7%89%88%EF%BC%88%EF%BC%94%EF%BC%89-%E3%83%A4%E3%83%B3%E3%82%B0%E3%83%9E%E3%82%AC%E3%82%B8%E3%83%B3%E3%82%B3%E3%83%9F%E3%83%83%E3%82%AF%E3%82%B9-%E5%B9%B3%E6%9C%AC%E3%82%A2%E3%82%AD%E3%83%A9-ebook/dp/B07BWFB4GF/ref=sr_1_23?keywords=prison&qid=1661835985&s=books&sr=1-23
監獄学園（２８） (ヤングマガジンコミックス)  ,B07BR28NZF,https://www.amazon.co.jp/%E7%9B%A3%E7%8D%84%E5%AD%A6%E5%9C%92%EF%BC%88%EF%BC%92%EF%BC%98%EF%BC%89-%E3%83%A4%E3%83%B3%E3%82%B0%E3%83%9E%E3%82%AC%E3%82%B8%E3%83%B3%E3%82%B3%E3%83%9F%E3%83%83%E3%82%AF%E3%82%B9-%E5%B9%B3%E6%9C%AC%E3%82%A2%E3%82%AD%E3%83%A9-ebook/dp/B07BR28NZF/ref=sr_1_24?keywords=prison&qid=1661835985&s=books&sr=1-24
刑務官が明かす刑務所の危ない話 (バンブーコミックス エッセイセレクション)  ,B07FTHVWK7,https://www.amazon.co.jp/%E5%88%91%E5%8B%99%E5%AE%98%E3%81%8C%E6%98%8E%E3%81%8B%E3%81%99%E5%88%91%E5%8B%99%E6%89%80%E3%81%AE%E5%8D%B1%E3%81%AA%E3%81%84%E8%A9%B1-%E3%83%90%E3%83%B3%E3%83%96%E3%83%BC%E3%82%B3%E3%83%9F%E3%83%83%E3%82%AF%E3%82%B9-%E3%82%A8%E3%83%83%E3%82%BB%E3%82%A4%E3%82%BB%E3%83%AC%E3%82%AF%E3%82%B7%E3%83%A7%E3%83%B3-%E4%B8%80%E4%B9%8B%E7%80%AC%E3%81%AF%E3%81%A1-ebook/dp/B07FTHVWK7/ref=sr_1_25?keywords=prison&qid=1661835985&s=books&sr=1-25
地を這う者に翼はいらぬ【電子単行本】　２ (PRINCESS COMICS DX カチCOMI)  ,B09X5FJ4GS,https://www.amazon.co.jp/%E5%9C%B0%E3%82%92%E9%80%99%E3%81%86%E8%80%85%E3%81%AB%E7%BF%BC%E3%81%AF%E3%81%84%E3%82%89%E3%81%AC%E3%80%90%E9%9B%BB%E5%AD%90%E5%8D%98%E8%A1%8C%E6%9C%AC%E3%80%91-%EF%BC%92-PRINCESS-COMICS-DX-%E3%82%AB%E3%83%81COMI-ebook/dp/B09X5FJ4GS/ref=sr_1_26?keywords=prison&qid=1661835985&s=books&sr=1-26
Deepwater Prison Intégrale  ,2302069005,https://www.amazon.co.jp/Deepwater-Prison-Int%C3%A9grale/dp/2302069005/ref=sr_1_27?keywords=prison&qid=1661835985&s=books&sr=1-27
地を這う者に翼はいらぬ【電子単行本】　１ (PRINCESS COMICS DX カチCOMI)  ,B08ZRZ4QQ8,https://www.amazon.co.jp/%E5%9C%B0%E3%82%92%E9%80%99%E3%81%86%E8%80%85%E3%81%AB%E7%BF%BC%E3%81%AF%E3%81%84%E3%82%89%E3%81%AC%E3%80%90%E9%9B%BB%E5%AD%90%E5%8D%98%E8%A1%8C%E6%9C%AC%E3%80%91-%EF%BC%91-PRINCESS-COMICS-DX-%E3%82%AB%E3%83%81COMI-ebook/dp/B08ZRZ4QQ8/ref=sr_1_28?keywords=prison&qid=1661835985&s=books&sr=1-28
天獄-HEAVEN'S PRISON- コミック 全12巻完結セット (ヤングジャンプコミックス)  ,B0105JV6H6,https://www.amazon.co.jp/%E5%A4%A9%E7%8D%84-HEAVENS-PRISON-%E3%82%B3%E3%83%9F%E3%83%83%E3%82%AF-%E5%85%A812%E5%B7%BB%E5%AE%8C%E7%B5%90%E3%82%BB%E3%83%83%E3%83%88-%E3%83%A4%E3%83%B3%E3%82%B0%E3%82%B8%E3%83%A3%E3%83%B3%E3%83%97%E3%82%B3%E3%83%9F%E3%83%83%E3%82%AF%E3%82%B9/dp/B0105JV6H6/ref=sr_1_29?keywords=prison&qid=1661835985&s=books&sr=1-29
監獄学園（１２） (ヤングマガジンコミックス)  ,B00J22TXFK,https://www.amazon.co.jp/%E7%9B%A3%E7%8D%84%E5%AD%A6%E5%9C%92%EF%BC%88%EF%BC%91%EF%BC%92%EF%BC%89-%E3%83%A4%E3%83%B3%E3%82%B0%E3%83%9E%E3%82%AC%E3%82%B8%E3%83%B3%E3%82%B3%E3%83%9F%E3%83%83%E3%82%AF%E3%82%B9-%E5%B9%B3%E6%9C%AC%E3%82%A2%E3%82%AD%E3%83%A9-ebook/dp/B00J22TXFK/ref=sr_1_30?keywords=prison&qid=1661835985&s=books&sr=1-30
ゴルゴ13 In prison (My First Big)  ,409109077X,https://www.amazon.co.jp/%E3%82%B4%E3%83%AB%E3%82%B413-prison-My-First-Big/dp/409109077X/ref=sr_1_31?keywords=prison&qid=1661835985&s=books&sr=1-31
天獄-HEAVEN'S PRISON- コミック 1-9巻セット (ヤングジャンプコミックス)  ,B00G9MY47S,https://www.amazon.co.jp/%E5%A4%A9%E7%8D%84-HEAVENS-PRISON-%E3%82%B3%E3%83%9F%E3%83%83%E3%82%AF-1-9%E5%B7%BB%E3%82%BB%E3%83%83%E3%83%88-%E3%83%A4%E3%83%B3%E3%82%B0%E3%82%B8%E3%83%A3%E3%83%B3%E3%83%97%E3%82%B3%E3%83%9F%E3%83%83%E3%82%AF%E3%82%B9/dp/B00G9MY47S/ref=sr_1_32?keywords=prison&qid=1661835985&s=books&sr=1-32
刑務所の中  ,B078H6SHR8,https://www.amazon.co.jp/%E5%88%91%E5%8B%99%E6%89%80%E3%81%AE%E4%B8%AD-%E8%8A%B1%E8%BC%AA%E5%92%8C%E4%B8%80-ebook/dp/B078H6SHR8/ref=sr_1_33?keywords=prison&qid=1661835986&s=books&sr=1-33
監獄学園（１０） (ヤングマガジンコミックス)  ,B00GQNYT3Y,https://www.amazon.co.jp/%E7%9B%A3%E7%8D%84%E5%AD%A6%E5%9C%92%EF%BC%88%EF%BC%91%EF%BC%90%EF%BC%89-%E3%83%A4%E3%83%B3%E3%82%B0%E3%83%9E%E3%82%AC%E3%82%B8%E3%83%B3%E3%82%B3%E3%83%9F%E3%83%83%E3%82%AF%E3%82%B9-%E5%B9%B3%E6%9C%AC%E3%82%A2%E3%82%AD%E3%83%A9-ebook/dp/B00GQNYT3Y/ref=sr_1_34?keywords=prison&qid=1661835986&s=books&sr=1-34
天獄-HEAVEN'S PRISON- コミック 1-11巻セット (ヤングジャンプコミックス)  ,B00Y9Z4ZVC,https://www.amazon.co.jp/%E5%A4%A9%E7%8D%84-HEAVENS-PRISON-%E3%82%B3%E3%83%9F%E3%83%83%E3%82%AF-1-11%E5%B7%BB%E3%82%BB%E3%83%83%E3%83%88-%E3%83%A4%E3%83%B3%E3%82%B0%E3%82%B8%E3%83%A3%E3%83%B3%E3%83%97%E3%82%B3%E3%83%9F%E3%83%83%E3%82%AF%E3%82%B9/dp/B00Y9Z4ZVC/ref=sr_1_35?keywords=prison&qid=1661835986&s=books&sr=1-35
天獄(HEAVEN'S PRISON) 未完結セット(ヤングジャンプコミックスウルトラ)  ,B00B9SYI1E,https://www.amazon.co.jp/%E5%A4%A9%E7%8D%84-HEAVENS-PRISON-%E6%9C%AA%E5%AE%8C%E7%B5%90%E3%82%BB%E3%83%83%E3%83%88-%E3%83%A4%E3%83%B3%E3%82%B0%E3%82%B8%E3%83%A3%E3%83%B3%E3%83%97%E3%82%B3%E3%83%9F%E3%83%83%E3%82%AF%E3%82%B9%E3%82%A6%E3%83%AB%E3%83%88%E3%83%A9/dp/B00B9SYI1E/ref=sr_1_36?keywords=prison&qid=1661835986&s=books&sr=1-36
天獄 ―HEAVEN'S PRISON― コミック 1-8巻 セット (ヤングジャンプコミックス)  ,B009VYGYJW,https://www.amazon.co.jp/%E2%80%95HEAVENS-PRISON%E2%80%95-%E3%82%B3%E3%83%9F%E3%83%83%E3%82%AF-1-8%E5%B7%BB-%E3%83%A4%E3%83%B3%E3%82%B0%E3%82%B8%E3%83%A3%E3%83%B3%E3%83%97%E3%82%B3%E3%83%9F%E3%83%83%E3%82%AF%E3%82%B9/dp/B009VYGYJW/ref=sr_1_37?keywords=prison&qid=1661835986&s=books&sr=1-37
監獄学園（２７） (ヤングマガジンコミックス)  ,B076ZG9JHT,https://www.amazon.co.jp/%E7%9B%A3%E7%8D%84%E5%AD%A6%E5%9C%92%EF%BC%88%EF%BC%92%EF%BC%97%EF%BC%89-%E3%83%A4%E3%83%B3%E3%82%B0%E3%83%9E%E3%82%AC%E3%82%B8%E3%83%B3%E3%82%B3%E3%83%9F%E3%83%83%E3%82%AF%E3%82%B9-%E5%B9%B3%E6%9C%AC%E3%82%A2%E3%82%AD%E3%83%A9-ebook/dp/B076ZG9JHT/ref=sr_1_38?keywords=prison&qid=1661835986&s=books&sr=1-38
監獄学園（９） (ヤングマガジンコミックス)  ,B00EVJW2X4,https://www.amazon.co.jp/%E7%9B%A3%E7%8D%84%E5%AD%A6%E5%9C%92%EF%BC%88%EF%BC%99%EF%BC%89-%E3%83%A4%E3%83%B3%E3%82%B0%E3%83%9E%E3%82%AC%E3%82%B8%E3%83%B3%E3%82%B3%E3%83%9F%E3%83%83%E3%82%AF%E3%82%B9-%E5%B9%B3%E6%9C%AC%E3%82%A2%E3%82%AD%E3%83%A9-ebook/dp/B00EVJW2X4/ref=sr_1_39?keywords=prison&qid=1661835986&s=books&sr=1-39
監獄学園（１１） (ヤングマガジンコミックス)  ,B00H8MY9I2,https://www.amazon.co.jp/%E7%9B%A3%E7%8D%84%E5%AD%A6%E5%9C%92%EF%BC%88%EF%BC%91%EF%BC%91%EF%BC%89-%E3%83%A4%E3%83%B3%E3%82%B0%E3%83%9E%E3%82%AC%E3%82%B8%E3%83%B3%E3%82%B3%E3%83%9F%E3%83%83%E3%82%AF%E3%82%B9-%E5%B9%B3%E6%9C%AC%E3%82%A2%E3%82%AD%E3%83%A9-ebook/dp/B00H8MY9I2/ref=sr_1_40?keywords=prison&qid=1661835986&s=books&sr=1-40
監獄学園（２２） (ヤングマガジンコミックス)  ,B01J130PGU,https://www.amazon.co.jp/%E7%9B%A3%E7%8D%84%E5%AD%A6%E5%9C%92%EF%BC%88%EF%BC%92%EF%BC%92%EF%BC%89-%E3%83%A4%E3%83%B3%E3%82%B0%E3%83%9E%E3%82%AC%E3%82%B8%E3%83%B3%E3%82%B3%E3%83%9F%E3%83%83%E3%82%AF%E3%82%B9-%E5%B9%B3%E6%9C%AC%E3%82%A2%E3%82%AD%E3%83%A9-ebook/dp/B01J130PGU/ref=sr_1_41?keywords=prison&qid=1661835986&s=books&sr=1-41
怪盗ルパン伝アバンチュリエ【単話版】 4: 獄中のアルセーヌ・ルパン（２） (ルパン帝国再誕計画)  ,B089F5Z2XB,https://www.amazon.co.jp/%E6%80%AA%E7%9B%97%E3%83%AB%E3%83%91%E3%83%B3%E4%BC%9D%E3%82%A2%E3%83%90%E3%83%B3%E3%83%81%E3%83%A5%E3%83%AA%E3%82%A8%E3%80%90%E5%8D%98%E8%A9%B1%E7%89%88%E3%80%91-4-%E7%8D%84%E4%B8%AD%E3%81%AE%E3%82%A2%E3%83%AB%E3%82%BB%E3%83%BC%E3%83%8C%E3%83%BB%E3%83%AB%E3%83%91%E3%83%B3%EF%BC%88%EF%BC%92%EF%BC%89-%E3%83%AB%E3%83%91%E3%83%B3%E5%B8%9D%E5%9B%BD%E5%86%8D%E8%AA%95%E8%A8%88%E7%94%BB%E3%82%B3%E3%83%9F%E3%83%83%E3%82%AF%E3%82%B9-%E6%A3%AE%E7%94%B0%E5%B4%87-ebook/dp/B089F5Z2XB/ref=sr_1_42?keywords=prison&qid=1661835986&s=books&sr=1-42
監獄学園（２５） (ヤングマガジンコミックス)  ,B06ZXZXF1W,https://www.amazon.co.jp/%E7%9B%A3%E7%8D%84%E5%AD%A6%E5%9C%92%EF%BC%88%EF%BC%92%EF%BC%95%EF%BC%89-%E3%83%A4%E3%83%B3%E3%82%B0%E3%83%9E%E3%82%AC%E3%82%B8%E3%83%B3%E3%82%B3%E3%83%9F%E3%83%83%E3%82%AF%E3%82%B9-%E5%B9%B3%E6%9C%AC%E3%82%A2%E3%82%AD%E3%83%A9-ebook/dp/B06ZXZXF1W/ref=sr_1_43?keywords=prison&qid=1661835986&s=books&sr=1-43
監獄学園（２６） (ヤングマガジンコミックス)  ,B0747HLS96,https://www.amazon.co.jp/%E7%9B%A3%E7%8D%84%E5%AD%A6%E5%9C%92%EF%BC%88%EF%BC%92%EF%BC%96%EF%BC%89-%E3%83%A4%E3%83%B3%E3%82%B0%E3%83%9E%E3%82%AC%E3%82%B8%E3%83%B3%E3%82%B3%E3%83%9F%E3%83%83%E3%82%AF%E3%82%B9-%E5%B9%B3%E6%9C%AC%E3%82%A2%E3%82%AD%E3%83%A9-ebook/dp/B0747HLS96/ref=sr_1_44?keywords=prison&qid=1661835986&s=books&sr=1-44
金田一耕助ベスト・セレクション　４　獄門島 (あすかコミックスDX)  ,B01AN2U6BC,https://www.amazon.co.jp/%E9%87%91%E7%94%B0%E4%B8%80%E8%80%95%E5%8A%A9%E3%83%99%E3%82%B9%E3%83%88%E3%83%BB%E3%82%BB%E3%83%AC%E3%82%AF%E3%82%B7%E3%83%A7%E3%83%B3-%EF%BC%94-%E7%8D%84%E9%96%80%E5%B3%B6-%E3%81%82%E3%81%99%E3%81%8B%E3%82%B3%E3%83%9F%E3%83%83%E3%82%AF%E3%82%B9DX-%EF%BC%AA%EF%BC%A5%EF%BC%B4-ebook/dp/B01AN2U6BC/ref=sr_1_45?keywords=prison&qid=1661835986&s=books&sr=1-45
蜜獄マリッジ (ムーグコミックス T-Fシリーズ)  ,4862973744,https://www.amazon.co.jp/%E8%9C%9C%E7%8D%84%E3%83%9E%E3%83%AA%E3%83%83%E3%82%B8-%E3%83%A0%E3%83%BC%E3%82%B0%E3%82%B3%E3%83%9F%E3%83%83%E3%82%AF%E3%82%B9-T-F%E3%82%B7%E3%83%AA%E3%83%BC%E3%82%BA-%E3%82%86%E3%81%88%E3%81%93/dp/4862973744/ref=sr_1_46?keywords=prison&qid=1661835986&s=books&sr=1-46
監獄学園（２４） (ヤングマガジンコミックス)  ,B06WVRZV3V,https://www.amazon.co.jp/%E7%9B%A3%E7%8D%84%E5%AD%A6%E5%9C%92%EF%BC%88%EF%BC%92%EF%BC%94%EF%BC%89-%E3%83%A4%E3%83%B3%E3%82%B0%E3%83%9E%E3%82%AC%E3%82%B8%E3%83%B3%E3%82%B3%E3%83%9F%E3%83%83%E3%82%AF%E3%82%B9-%E5%B9%B3%E6%9C%AC%E3%82%A2%E3%82%AD%E3%83%A9-ebook/dp/B06WVRZV3V/ref=sr_1_47?keywords=prison&qid=1661835986&s=books&sr=1-47
怪盗ルパン伝アバンチュリエ【単話版】 3: 獄中のアルセーヌ・ルパン（１） (ルパン帝国再誕計画)  ,B089F7J7D2,https://www.amazon.co.jp/%E6%80%AA%E7%9B%97%E3%83%AB%E3%83%91%E3%83%B3%E4%BC%9D%E3%82%A2%E3%83%90%E3%83%B3%E3%83%81%E3%83%A5%E3%83%AA%E3%82%A8%E3%80%90%E5%8D%98%E8%A9%B1%E7%89%88%E3%80%91-3-%E7%8D%84%E4%B8%AD%E3%81%AE%E3%82%A2%E3%83%AB%E3%82%BB%E3%83%BC%E3%83%8C%E3%83%BB%E3%83%AB%E3%83%91%E3%83%B3%EF%BC%88%EF%BC%91%EF%BC%89-%E3%83%AB%E3%83%91%E3%83%B3%E5%B8%9D%E5%9B%BD%E5%86%8D%E8%AA%95%E8%A8%88%E7%94%BB%E3%82%B3%E3%83%9F%E3%83%83%E3%82%AF%E3%82%B9-%E6%A3%AE%E7%94%B0-ebook/dp/B089F7J7D2/ref=sr_1_48?keywords=prison&qid=1661835986&s=books&sr=1-48
監獄学園（２３） (ヤングマガジンコミックス)  ,B01MQ415Y7,https://www.amazon.co.jp/%E7%9B%A3%E7%8D%84%E5%AD%A6%E5%9C%92%EF%BC%88%EF%BC%92%EF%BC%93%EF%BC%89-%E3%83%A4%E3%83%B3%E3%82%B0%E3%83%9E%E3%82%AC%E3%82%B8%E3%83%B3%E3%82%B3%E3%83%9F%E3%83%83%E3%82%AF%E3%82%B9-%E5%B9%B3%E6%9C%AC%E3%82%A2%E3%82%AD%E3%83%A9-ebook/dp/B01MQ415Y7/ref=sr_1_49?keywords=prison&qid=1661835988&s=books&sr=1-49
裁判長!ここは懲役4年でどうすか 13 (BUNCH COMICS)  ,4107715965,https://www.amazon.co.jp/%E8%A3%81%E5%88%A4%E9%95%B7-%E3%81%93%E3%81%93%E3%81%AF%E6%87%B2%E5%BD%B94%E5%B9%B4%E3%81%A7%E3%81%A9%E3%81%86%E3%81%99%E3%81%8B-13-BUNCH-COMICS/dp/4107715965/ref=sr_1_50?keywords=prison&qid=1661835988&s=books&sr=1-50
監獄学園（７） (ヤングマガジンコミックス)  ,B00CE0U3ME,https://www.amazon.co.jp/%E7%9B%A3%E7%8D%84%E5%AD%A6%E5%9C%92%EF%BC%88%EF%BC%97%EF%BC%89-%E3%83%A4%E3%83%B3%E3%82%B0%E3%83%9E%E3%82%AC%E3%82%B8%E3%83%B3%E3%82%B3%E3%83%9F%E3%83%83%E3%82%AF%E3%82%B9-%E5%B9%B3%E6%9C%AC%E3%82%A2%E3%82%AD%E3%83%A9-ebook/dp/B00CE0U3ME/ref=sr_1_51?keywords=prison&qid=1661835988&s=books&sr=1-51
監獄学園（６） (ヤングマガジンコミックス)  ,B00BOOCZB8,https://www.amazon.co.jp/%E7%9B%A3%E7%8D%84%E5%AD%A6%E5%9C%92%EF%BC%88%EF%BC%96%EF%BC%89-%E3%83%A4%E3%83%B3%E3%82%B0%E3%83%9E%E3%82%AC%E3%82%B8%E3%83%B3%E3%82%B3%E3%83%9F%E3%83%83%E3%82%AF%E3%82%B9-%E5%B9%B3%E6%9C%AC%E3%82%A2%E3%82%AD%E3%83%A9-ebook/dp/B00BOOCZB8/ref=sr_1_52?keywords=prison&qid=1661835988&s=books&sr=1-52
監獄学園（４） (ヤングマガジンコミックス)  ,B00BOOCZ7W,https://www.amazon.co.jp/%E7%9B%A3%E7%8D%84%E5%AD%A6%E5%9C%92%EF%BC%88%EF%BC%94%EF%BC%89-%E3%83%A4%E3%83%B3%E3%82%B0%E3%83%9E%E3%82%AC%E3%82%B8%E3%83%B3%E3%82%B3%E3%83%9F%E3%83%83%E3%82%AF%E3%82%B9-%E5%B9%B3%E6%9C%AC%E3%82%A2%E3%82%AD%E3%83%A9-ebook/dp/B00BOOCZ7W/ref=sr_1_53?keywords=prison&qid=1661835988&s=books&sr=1-53
監獄学園（５） (ヤングマガジンコミックス)  ,B00BOOCZDG,https://www.amazon.co.jp/%E7%9B%A3%E7%8D%84%E5%AD%A6%E5%9C%92%EF%BC%88%EF%BC%95%EF%BC%89-%E3%83%A4%E3%83%B3%E3%82%B0%E3%83%9E%E3%82%AC%E3%82%B8%E3%83%B3%E3%82%B3%E3%83%9F%E3%83%83%E3%82%AF%E3%82%B9-%E5%B9%B3%E6%9C%AC%E3%82%A2%E3%82%AD%E3%83%A9-ebook/dp/B00BOOCZDG/ref=sr_1_54?keywords=prison&qid=1661835988&s=books&sr=1-54
裁判長!ここは懲役4年でどうすか 12 (BUNCH COMICS)  ,4107715833,https://www.amazon.co.jp/%E8%A3%81%E5%88%A4%E9%95%B7-%E3%81%93%E3%81%93%E3%81%AF%E6%87%B2%E5%BD%B94%E5%B9%B4%E3%81%A7%E3%81%A9%E3%81%86%E3%81%99%E3%81%8B-12-BUNCH-COMICS/dp/4107715833/ref=sr_1_55?keywords=prison&qid=1661835988&s=books&sr=1-55
天獄3巻 フィギュア付コミックス特装版 ([特装版コミック])  ,4089080584,https://www.amazon.co.jp/%E5%A4%A9%E7%8D%843%E5%B7%BB-%E3%83%95%E3%82%A3%E3%82%AE%E3%83%A5%E3%82%A2%E4%BB%98%E3%82%B3%E3%83%9F%E3%83%83%E3%82%AF%E3%82%B9%E7%89%B9%E8%A3%85%E7%89%88-%E7%89%B9%E8%A3%85%E7%89%88%E3%82%B3%E3%83%9F%E3%83%83%E3%82%AF-%E3%81%86%E3%81%9F%E3%81%9F%E3%81%AD-%E3%81%B2%E3%82%8D%E3%82%86%E3%81%8D/dp/4089080584/ref=sr_1_56?keywords=prison&qid=1661835988&s=books&sr=1-56
裁判長!ここは懲役4年でどうすか 10 (BUNCH COMICS)  ,4107715469,https://www.amazon.co.jp/%E8%A3%81%E5%88%A4%E9%95%B7-%E3%81%93%E3%81%93%E3%81%AF%E6%87%B2%E5%BD%B94%E5%B9%B4%E3%81%A7%E3%81%A9%E3%81%86%E3%81%99%E3%81%8B-10-BUNCH-COMICS/dp/4107715469/ref=sr_1_57?keywords=prison&qid=1661835988&s=books&sr=1-57
監獄学園（２） (ヤングマガジンコミックス)  ,B00BB1ZTDK,https://www.amazon.co.jp/%E7%9B%A3%E7%8D%84%E5%AD%A6%E5%9C%92%EF%BC%88%EF%BC%92%EF%BC%89-%E3%83%A4%E3%83%B3%E3%82%B0%E3%83%9E%E3%82%AC%E3%82%B8%E3%83%B3%E3%82%B3%E3%83%9F%E3%83%83%E3%82%AF%E3%82%B9-%E5%B9%B3%E6%9C%AC%E3%82%A2%E3%82%AD%E3%83%A9-ebook/dp/B00BB1ZTDK/ref=sr_1_58?keywords=prison&qid=1661835988&s=books&sr=1-58
監獄学園（３） (ヤングマガジンコミックス)  ,B00BB1ZTF8,https://www.amazon.co.jp/%E7%9B%A3%E7%8D%84%E5%AD%A6%E5%9C%92%EF%BC%88%EF%BC%93%EF%BC%89-%E3%83%A4%E3%83%B3%E3%82%B0%E3%83%9E%E3%82%AC%E3%82%B8%E3%83%B3%E3%82%B3%E3%83%9F%E3%83%83%E3%82%AF%E3%82%B9-%E5%B9%B3%E6%9C%AC%E3%82%A2%E3%82%AD%E3%83%A9-ebook/dp/B00BB1ZTF8/ref=sr_1_59?keywords=prison&qid=1661835988&s=books&sr=1-59
監獄学園（８） (ヤングマガジンコミックス)  ,B00DORXCRY,https://www.amazon.co.jp/%E7%9B%A3%E7%8D%84%E5%AD%A6%E5%9C%92%EF%BC%88%EF%BC%98%EF%BC%89-%E3%83%A4%E3%83%B3%E3%82%B0%E3%83%9E%E3%82%AC%E3%82%B8%E3%83%B3%E3%82%B3%E3%83%9F%E3%83%83%E3%82%AF%E3%82%B9-%E5%B9%B3%E6%9C%AC%E3%82%A2%E3%82%AD%E3%83%A9-ebook/dp/B00DORXCRY/ref=sr_1_60?keywords=prison&qid=1661835988&s=books&sr=1-60
監獄学園（１） (ヤングマガジンコミックス)  ,B00BB1ZTBM,https://www.amazon.co.jp/%E7%9B%A3%E7%8D%84%E5%AD%A6%E5%9C%92%EF%BC%88%EF%BC%91%EF%BC%89-%E3%83%A4%E3%83%B3%E3%82%B0%E3%83%9E%E3%82%AC%E3%82%B8%E3%83%B3%E3%82%B3%E3%83%9F%E3%83%83%E3%82%AF%E3%82%B9-%E5%B9%B3%E6%9C%AC%E3%82%A2%E3%82%AD%E3%83%A9-ebook/dp/B00BB1ZTBM/ref=sr_1_61?keywords=prison&qid=1661835988&s=books&sr=1-61
世界征服 ～4コマのズヴィズダー～ (4コマKINGSぱれっとコミックス)  ,B00OLYFSPS,https://www.amazon.co.jp/%E4%B8%96%E7%95%8C%E5%BE%81%E6%9C%8D-%EF%BD%9E4%E3%82%B3%E3%83%9E%E3%81%AE%E3%82%BA%E3%83%B4%E3%82%A3%E3%82%BA%E3%83%80%E3%83%BC%EF%BD%9E-4%E3%82%B3%E3%83%9EKINGS%E3%81%B1%E3%82%8C%E3%81%A3%E3%81%A8%E3%82%B3%E3%83%9F%E3%83%83%E3%82%AF%E3%82%B9-%E3%83%9B%E3%83%AA-ebook/dp/B00OLYFSPS/ref=sr_1_62?keywords=prison&qid=1661835988&s=books&sr=1-62
サイコろまんちか　分冊版（９）　「スタンフォード監獄実験」「アンダーマイニング効果」 (月刊少年ライバルコミックス)  ,B01N6Q74E9,https://www.amazon.co.jp/%E3%82%B5%E3%82%A4%E3%82%B3%E3%82%8D%E3%81%BE%E3%82%93%E3%81%A1%E3%81%8B-%E5%88%86%E5%86%8A%E7%89%88%EF%BC%88%EF%BC%99%EF%BC%89-%E3%80%8C%E3%82%B9%E3%82%BF%E3%83%B3%E3%83%95%E3%82%A9%E3%83%BC%E3%83%89%E7%9B%A3%E7%8D%84%E5%AE%9F%E9%A8%93%E3%80%8D%E3%80%8C%E3%82%A2%E3%83%B3%E3%83%80%E3%83%BC%E3%83%9E%E3%82%A4%E3%83%8B%E3%83%B3%E3%82%B0%E5%8A%B9%E6%9E%9C%E3%80%8D-%E6%9C%88%E5%88%8A%E5%B0%91%E5%B9%B4%E3%83%A9%E3%82%A4%E3%83%90%E3%83%AB%E3%82%B3%E3%83%9F%E3%83%83%E3%82%AF%E3%82%B9-%E5%B0%8F%E5%87%BA%E3%82%82%E3%81%A8%E8%B2%B4-ebook/dp/B01N6Q74E9/ref=sr_1_63?keywords=prison&qid=1661835988&s=books&sr=1-63
裁判長!ここは懲役4年でどうすか 11 (BUNCH COMICS)  ,4107715663,https://www.amazon.co.jp/%E8%A3%81%E5%88%A4%E9%95%B7-%E3%81%93%E3%81%93%E3%81%AF%E6%87%B2%E5%BD%B94%E5%B9%B4%E3%81%A7%E3%81%A9%E3%81%86%E3%81%99%E3%81%8B-11-BUNCH-COMICS/dp/4107715663/ref=sr_1_64?keywords=prison&qid=1661835988&s=books&sr=1-64
お・り・が・み 獄の弓 (角川スニーカー文庫)  ,4044266077,https://www.amazon.co.jp/%E3%81%8A%E3%83%BB%E3%82%8A%E3%83%BB%E3%81%8C%E3%83%BB%E3%81%BF-%E7%8D%84%E3%81%AE%E5%BC%93-%E8%A7%92%E5%B7%9D%E3%82%B9%E3%83%8B%E3%83%BC%E3%82%AB%E3%83%BC%E6%96%87%E5%BA%AB-%E6%9E%97-%E3%83%88%E3%83%A2%E3%82%A2%E3%82%AD/dp/4044266077/ref=sr_1_65?keywords=prison&qid=1661835989&s=books&sr=1-65
金田一少年の事件簿 獄門塾殺人事件(下) (講談社コミックス)  ,4063637565,https://www.amazon.co.jp/%E9%87%91%E7%94%B0%E4%B8%80%E5%B0%91%E5%B9%B4%E3%81%AE%E4%BA%8B%E4%BB%B6%E7%B0%BF-%E7%8D%84%E9%96%80%E5%A1%BE%E6%AE%BA%E4%BA%BA%E4%BA%8B%E4%BB%B6-%E8%AC%9B%E8%AB%87%E7%A4%BE%E3%82%B3%E3%83%9F%E3%83%83%E3%82%AF%E3%82%B9-%E3%81%95%E3%81%A8%E3%81%86-%E3%81%B5%E3%81%BF%E3%82%84/dp/4063637565/ref=sr_1_66?keywords=prison&qid=1661835989&s=books&sr=1-66
ハイスクール・オーラバスター　炎獄のディアーナ（後編） (集英社コバルト文庫)  ,B079P1KY2V,https://www.amazon.co.jp/%E3%83%8F%E3%82%A4%E3%82%B9%E3%82%AF%E3%83%BC%E3%83%AB%E3%83%BB%E3%82%AA%E3%83%BC%E3%83%A9%E3%83%90%E3%82%B9%E3%82%BF%E3%83%BC-%E7%82%8E%E7%8D%84%E3%81%AE%E3%83%87%E3%82%A3%E3%82%A2%E3%83%BC%E3%83%8A%EF%BC%88%E5%BE%8C%E7%B7%A8%EF%BC%89-%E9%9B%86%E8%8B%B1%E7%A4%BE%E3%82%B3%E3%83%90%E3%83%AB%E3%83%88%E6%96%87%E5%BA%AB-%E8%8B%A5%E6%9C%A8%E6%9C%AA%E7%94%9F-ebook/dp/B079P1KY2V/ref=sr_1_67?keywords=prison&qid=1661835989&s=books&sr=1-67
裁判長！ここは懲役4年でどうすか　9  ,B01N5V4MYI,https://www.amazon.co.jp/%E8%A3%81%E5%88%A4%E9%95%B7%EF%BC%81%E3%81%93%E3%81%93%E3%81%AF%E6%87%B2%E5%BD%B94%E5%B9%B4%E3%81%A7%E3%81%A9%E3%81%86%E3%81%99%E3%81%8B-9-%E5%8C%97%E5%B0%BE%E3%83%88%E3%83%AD-ebook/dp/B01N5V4MYI/ref=sr_1_68?keywords=prison&qid=1661835989&s=books&sr=1-68
古代ローマ格闘暗獄譚 SIN 2 (ビッグコミックス)  ,4091831648,https://www.amazon.co.jp/%E5%8F%A4%E4%BB%A3%E3%83%AD%E3%83%BC%E3%83%9E%E6%A0%BC%E9%97%98%E6%9A%97%E7%8D%84%E8%AD%9A-SIN-2-%E3%83%93%E3%83%83%E3%82%B0%E3%82%B3%E3%83%9F%E3%83%83%E3%82%AF%E3%82%B9-%E7%BE%A9%E5%87%A1/dp/4091831648/ref=sr_1_69?keywords=prison&qid=1661835989&s=books&sr=1-69
ブライト・プリズン　学園の美しき生け贄 (講談社X文庫)  ,B00DFTXVDG,https://www.amazon.co.jp/%E3%83%96%E3%83%A9%E3%82%A4%E3%83%88%E3%83%BB%E3%83%97%E3%83%AA%E3%82%BA%E3%83%B3-%E5%AD%A6%E5%9C%92%E3%81%AE%E7%BE%8E%E3%81%97%E3%81%8D%E7%94%9F%E3%81%91%E8%B4%84-%E8%AC%9B%E8%AB%87%E7%A4%BE%EF%BC%B8%E6%96%87%E5%BA%AB%E3%83%9B%E3%83%AF%E3%82%A4%E3%83%88%E3%83%8F%E3%83%BC%E3%83%88%EF%BC%88%EF%BC%A2%EF%BC%AC%EF%BC%89-%E7%8A%AC%E9%A3%BC%E3%81%AE%E3%81%AE-ebook/dp/B00DFTXVDG/ref=sr_1_70?keywords=prison&qid=1661835989&s=books&sr=1-70
金田一少年の事件簿 獄門塾殺人事件(上) (講談社コミックス)  ,4063637557,https://www.amazon.co.jp/%E9%87%91%E7%94%B0%E4%B8%80%E5%B0%91%E5%B9%B4%E3%81%AE%E4%BA%8B%E4%BB%B6%E7%B0%BF-%E7%8D%84%E9%96%80%E5%A1%BE%E6%AE%BA%E4%BA%BA%E4%BA%8B%E4%BB%B6-%E8%AC%9B%E8%AB%87%E7%A4%BE%E3%82%B3%E3%83%9F%E3%83%83%E3%82%AF%E3%82%B9-%E3%81%95%E3%81%A8%E3%81%86-%E3%81%B5%E3%81%BF%E3%82%84/dp/4063637557/ref=sr_1_71?keywords=prison&qid=1661835989&s=books&sr=1-71
裁判長！ここは懲役4年でどうすか　3  ,B01MRBUXGG,https://www.amazon.co.jp/%E8%A3%81%E5%88%A4%E9%95%B7%EF%BC%81%E3%81%93%E3%81%93%E3%81%AF%E6%87%B2%E5%BD%B94%E5%B9%B4%E3%81%A7%E3%81%A9%E3%81%86%E3%81%99%E3%81%8B-3-%E5%8C%97%E5%B0%BE%E3%83%88%E3%83%AD-ebook/dp/B01MRBUXGG/ref=sr_1_72?keywords=prison&qid=1661835989&s=books&sr=1-72
裁判長！ここは懲役4年でどうすか　1  ,B01N27VAW2,https://www.amazon.co.jp/%E8%A3%81%E5%88%A4%E9%95%B7%EF%BC%81%E3%81%93%E3%81%93%E3%81%AF%E6%87%B2%E5%BD%B94%E5%B9%B4%E3%81%A7%E3%81%A9%E3%81%86%E3%81%99%E3%81%8B-1-%E5%8C%97%E5%B0%BE%E3%83%88%E3%83%AD-ebook/dp/B01N27VAW2/ref=sr_1_73?keywords=prison&qid=1661835989&s=books&sr=1-73
ハンマーセッション!R 暁の刑務所特急の巻 (KCノベルス)  ,4063733289,https://www.amazon.co.jp/%E3%83%8F%E3%83%B3%E3%83%9E%E3%83%BC%E3%82%BB%E3%83%83%E3%82%B7%E3%83%A7%E3%83%B3-%E6%9A%81%E3%81%AE%E5%88%91%E5%8B%99%E6%89%80%E7%89%B9%E6%80%A5%E3%81%AE%E5%B7%BB-KC%E3%83%8E%E3%83%99%E3%83%AB%E3%82%B9-%E8%B2%B4%E7%9F%A2-%E9%AB%98%E5%BA%B7/dp/4063733289/ref=sr_1_74?keywords=prison&qid=1661835989&s=books&sr=1-74
いじめ－静かな監獄－ (ちゃおコミックス)  ,B00D3CG4Z2,https://www.amazon.co.jp/%E3%81%84%E3%81%98%E3%82%81%EF%BC%8D%E9%9D%99%E3%81%8B%E3%81%AA%E7%9B%A3%E7%8D%84%EF%BC%8D-%E3%81%A1%E3%82%83%E3%81%8A%E3%82%B3%E3%83%9F%E3%83%83%E3%82%AF%E3%82%B9-%E4%BA%94%E5%8D%81%E5%B5%90%E3%81%8B%E3%81%8A%E3%82%8B-ebook/dp/B00D3CG4Z2/ref=sr_1_75?keywords=prison&qid=1661835989&s=books&sr=1-75
山獄の獅子王―タザリア王国物語〈5〉 (電撃文庫)  ,4048674307,https://www.amazon.co.jp/%E5%B1%B1%E7%8D%84%E3%81%AE%E7%8D%85%E5%AD%90%E7%8E%8B%E2%80%95%E3%82%BF%E3%82%B6%E3%83%AA%E3%82%A2%E7%8E%8B%E5%9B%BD%E7%89%A9%E8%AA%9E%E3%80%885%E3%80%89-%E9%9B%BB%E6%92%83%E6%96%87%E5%BA%AB-%E3%82%B9%E3%82%BA%E3%82%AD-%E3%83%92%E3%82%B5%E3%82%B7/dp/4048674307/ref=sr_1_76?keywords=prison&qid=1661835989&s=books&sr=1-76
D&Dリプレイ2若獅子の戦賦-監獄島編 (HJ文庫G)  ,4894256614,https://www.amazon.co.jp/D-D%E3%83%AA%E3%83%97%E3%83%AC%E3%82%A42%E8%8B%A5%E7%8D%85%E5%AD%90%E3%81%AE%E6%88%A6%E8%B3%A6-%E7%9B%A3%E7%8D%84%E5%B3%B6%E7%B7%A8-HJ%E6%96%87%E5%BA%ABG-%E6%9F%B3%E7%94%B0-%E7%9C%9F%E5%9D%82%E6%A8%B9/dp/4894256614/ref=sr_1_77?keywords=prison&qid=1661835989&s=books&sr=1-77
NARUTO―ナルト― 鬼燈の城 ブラッド・プリズン (ジャンプジェイブックスDIGITAL)  ,B0794XSC8Q,https://www.amazon.co.jp/NARUTO%E2%80%95%E3%83%8A%E3%83%AB%E3%83%88%E2%80%95-%E9%AC%BC%E7%87%88%E3%81%AE%E5%9F%8E-%E3%83%96%E3%83%A9%E3%83%83%E3%83%89%E3%83%BB%E3%83%97%E3%83%AA%E3%82%BA%E3%83%B3-%E3%82%B8%E3%83%A3%E3%83%B3%E3%83%97%E3%82%B8%E3%82%A7%E3%82%A4%E3%83%96%E3%83%83%E3%82%AF%E3%82%B9DIGITAL-%E5%B2%B8%E6%9C%AC%E6%96%89%E5%8F%B2-ebook/dp/B0794XSC8Q/ref=sr_1_78?keywords=prison&qid=1661835989&s=books&sr=1-78
裁判長！ここは懲役4年でどうすか　7  ,B01N6WIQOR,https://www.amazon.co.jp/%E8%A3%81%E5%88%A4%E9%95%B7%EF%BC%81%E3%81%93%E3%81%93%E3%81%AF%E6%87%B2%E5%BD%B94%E5%B9%B4%E3%81%A7%E3%81%A9%E3%81%86%E3%81%99%E3%81%8B-7-%E5%8C%97%E5%B0%BE%E3%83%88%E3%83%AD-ebook/dp/B01N6WIQOR/ref=sr_1_79?keywords=prison&qid=1661835989&s=books&sr=1-79
裁判長！ここは懲役4年でどうすか　5  ,B01N16SM3T,https://www.amazon.co.jp/%E8%A3%81%E5%88%A4%E9%95%B7%EF%BC%81%E3%81%93%E3%81%93%E3%81%AF%E6%87%B2%E5%BD%B94%E5%B9%B4%E3%81%A7%E3%81%A9%E3%81%86%E3%81%99%E3%81%8B-5-%E5%8C%97%E5%B0%BE%E3%83%88%E3%83%AD-ebook/dp/B01N16SM3T/ref=sr_1_80?keywords=prison&qid=1661835989&s=books&sr=1-80
裁判長！ここは懲役4年でどうすか　4  ,B01MYE18LL,https://www.amazon.co.jp/%E8%A3%81%E5%88%A4%E9%95%B7%EF%BC%81%E3%81%93%E3%81%93%E3%81%AF%E6%87%B2%E5%BD%B94%E5%B9%B4%E3%81%A7%E3%81%A9%E3%81%86%E3%81%99%E3%81%8B-4-%E5%8C%97%E5%B0%BE%E3%83%88%E3%83%AD-ebook/dp/B01MYE18LL/ref=sr_1_81?keywords=prison&qid=1661835990&s=books&sr=1-81
裁判長！ここは懲役4年でどうすか　8  ,B01N4TSYD9,https://www.amazon.co.jp/%E8%A3%81%E5%88%A4%E9%95%B7%EF%BC%81%E3%81%93%E3%81%93%E3%81%AF%E6%87%B2%E5%BD%B94%E5%B9%B4%E3%81%A7%E3%81%A9%E3%81%86%E3%81%99%E3%81%8B-8-%E5%8C%97%E5%B0%BE%E3%83%88%E3%83%AD-ebook/dp/B01N4TSYD9/ref=sr_1_82?keywords=prison&qid=1661835990&s=books&sr=1-82
天獄-HEAVEN'S PRISON- コミック 1-10巻セット (ヤングジャンプコミックス)  ,B00USQ6KMS,https://www.amazon.co.jp/%E5%A4%A9%E7%8D%84-HEAVENS-PRISON-%E3%82%B3%E3%83%9F%E3%83%83%E3%82%AF-1-10%E5%B7%BB%E3%82%BB%E3%83%83%E3%83%88-%E3%83%A4%E3%83%B3%E3%82%B0%E3%82%B8%E3%83%A3%E3%83%B3%E3%83%97%E3%82%B3%E3%83%9F%E3%83%83%E3%82%AF%E3%82%B9/dp/B00USQ6KMS/ref=sr_1_83?keywords=prison&qid=1661835990&s=books&sr=1-83
古代ローマ格闘暗獄譚 SIN (6) (ビッグコミックス)  ,4091841910,https://www.amazon.co.jp/%E5%8F%A4%E4%BB%A3%E3%83%AD%E3%83%BC%E3%83%9E%E6%A0%BC%E9%97%98%E6%9A%97%E7%8D%84%E8%AD%9ASIN-6-%E3%83%93%E3%83%83%E3%82%B0%E3%82%B3%E3%83%9F%E3%83%83%E3%82%AF%E3%82%B9-%E7%BE%A9%E5%87%A1/dp/4091841910/ref=sr_1_84?keywords=prison&qid=1661835990&s=books&sr=1-84
古代ローマ格闘暗獄譚 SIN (5) (ビッグコミックス)  ,4091841252,https://www.amazon.co.jp/%E5%8F%A4%E4%BB%A3%E3%83%AD%E3%83%BC%E3%83%9E%E6%A0%BC%E9%97%98%E6%9A%97%E7%8D%84%E8%AD%9ASIN-5-%E3%83%93%E3%83%83%E3%82%B0%E3%82%B3%E3%83%9F%E3%83%83%E3%82%AF%E3%82%B9-%E7%BE%A9%E5%87%A1/dp/4091841252/ref=sr_1_85?keywords=prison&qid=1661835990&s=books&sr=1-85
並盛通信 獄ツナ特集号 (リボ-ンアンソロジ-)  ,4862840957,https://www.amazon.co.jp/%E4%B8%A6%E7%9B%9B%E9%80%9A%E4%BF%A1-%E7%8D%84%E3%83%84%E3%83%8A%E7%89%B9%E9%9B%86%E5%8F%B7-%E3%83%AA%E3%83%9C%E3%83%BC%E3%83%B3%E3%82%A2%E3%83%B3%E3%82%BD%E3%83%AD%E3%82%B8%E3%83%BC/dp/4862840957/ref=sr_1_86?keywords=prison&qid=1661835990&s=books&sr=1-86
古代ローマ格闘暗獄譚 SIN (4) (ビッグコミックス)  ,4091836992,https://www.amazon.co.jp/%E5%8F%A4%E4%BB%A3%E3%83%AD%E3%83%BC%E3%83%9E%E6%A0%BC%E9%97%98%E6%9A%97%E7%8D%84%E8%AD%9A-SIN-4-%E3%83%93%E3%83%83%E3%82%B0%E3%82%B3%E3%83%9F%E3%83%83%E3%82%AF%E3%82%B9-%E7%BE%A9%E5%87%A1/dp/4091836992/ref=sr_1_87?keywords=prison&qid=1661835990&s=books&sr=1-87
古代ローマ格闘暗獄譚 SIN (3) (ビッグコミックス)  ,4091834892,https://www.amazon.co.jp/%E5%8F%A4%E4%BB%A3%E3%83%AD%E3%83%BC%E3%83%9E%E6%A0%BC%E9%97%98%E6%9A%97%E7%8D%84%E8%AD%9A-SIN-3-%E3%83%93%E3%83%83%E3%82%B0%E3%82%B3%E3%83%9F%E3%83%83%E3%82%AF%E3%82%B9-%E7%BE%A9%E5%87%A1/dp/4091834892/ref=sr_1_88?keywords=prison&qid=1661835990&s=books&sr=1-88
古代ローマ格闘暗獄譚 SIN 1 (ビッグ コミックス) (ビッグコミックス)  ,409183003X,https://www.amazon.co.jp/%E5%8F%A4%E4%BB%A3%E3%83%AD%E3%83%BC%E3%83%9E%E6%A0%BC%E9%97%98%E6%9A%97%E7%8D%84%E8%AD%9A-SIN-%E3%83%93%E3%83%83%E3%82%B0-%E3%82%B3%E3%83%9F%E3%83%83%E3%82%AF%E3%82%B9-%E3%83%93%E3%83%83%E3%82%B0%E3%82%B3%E3%83%9F%E3%83%83%E3%82%AF%E3%82%B9/dp/409183003X/ref=sr_1_89?keywords=prison&qid=1661835990&s=books&sr=1-89
極東プリズン(1) (あすかコミックスDX)  ,B00E18NCI4,https://www.amazon.co.jp/%E6%A5%B5%E6%9D%B1%E3%83%97%E3%83%AA%E3%82%BA%E3%83%B3-1-%E3%81%82%E3%81%99%E3%81%8B%E3%82%B3%E3%83%9F%E3%83%83%E3%82%AF%E3%82%B9DX-%E9%87%8E%E5%A5%87%E5%A4%9C-ebook/dp/B00E18NCI4/ref=sr_1_90?keywords=prison&qid=1661835990&s=books&sr=1-90
獄ツナ SweetHoney (CLAPコミックス anthology 16)  ,4862017010,https://www.amazon.co.jp/%E7%8D%84%E3%83%84%E3%83%8A-SweetHoney-CLAP%E3%82%B3%E3%83%9F%E3%83%83%E3%82%AF%E3%82%B9-anthology-16/dp/4862017010/ref=sr_1_91?keywords=prison&qid=1661835990&s=books&sr=1-91
ムショ医 2―女子刑務所のカルテ (芳文社コミックス)  ,4832231618,https://www.amazon.co.jp/%E3%83%A0%E3%82%B7%E3%83%A7%E5%8C%BB-2%E2%80%95%E5%A5%B3%E5%AD%90%E5%88%91%E5%8B%99%E6%89%80%E3%81%AE%E3%82%AB%E3%83%AB%E3%83%86-%E8%8A%B3%E6%96%87%E7%A4%BE%E3%82%B3%E3%83%9F%E3%83%83%E3%82%AF%E3%82%B9-%E4%BD%90%E8%97%A4-%E6%99%BA%E7%BE%8E/dp/4832231618/ref=sr_1_92?keywords=prison&qid=1661835990&s=books&sr=1-92
裁判長！ここは懲役4年でどうすか　6  ,B01MZFMEUA,https://www.amazon.co.jp/%E8%A3%81%E5%88%A4%E9%95%B7%EF%BC%81%E3%81%93%E3%81%93%E3%81%AF%E6%87%B2%E5%BD%B94%E5%B9%B4%E3%81%A7%E3%81%A9%E3%81%86%E3%81%99%E3%81%8B-6-%E5%8C%97%E5%B0%BE%E3%83%88%E3%83%AD-ebook/dp/B01MZFMEUA/ref=sr_1_93?keywords=prison&qid=1661835990&s=books&sr=1-93
かまいたちの夜2~監獄島のわらべ唄~攻略ガイドブック (講談社ゲームBOOKS)  ,4063396614,https://www.amazon.co.jp/%E3%81%8B%E3%81%BE%E3%81%84%E3%81%9F%E3%81%A1%E3%81%AE%E5%A4%9C2-%E7%9B%A3%E7%8D%84%E5%B3%B6%E3%81%AE%E3%82%8F%E3%82%89%E3%81%B9%E5%94%84-%E6%94%BB%E7%95%A5%E3%82%AC%E3%82%A4%E3%83%89%E3%83%96%E3%83%83%E3%82%AF-%E8%AC%9B%E8%AB%87%E7%A4%BE%E3%82%B2%E3%83%BC%E3%83%A0BOOKS-%E8%AC%9B%E8%AB%87%E7%A4%BE/dp/4063396614/ref=sr_1_94?keywords=prison&qid=1661835990&s=books&sr=1-94
裁判長！ ここは懲役４年でどうすか～ぼくに死刑といえるのか～　２巻 (ゼノンコミックス)  ,B018S5JPKE,https://www.amazon.co.jp/%E8%A3%81%E5%88%A4%E9%95%B7%EF%BC%81-%E3%81%93%E3%81%93%E3%81%AF%E6%87%B2%E5%BD%B9%EF%BC%94%E5%B9%B4%E3%81%A7%E3%81%A9%E3%81%86%E3%81%99%E3%81%8B%EF%BD%9E%E3%81%BC%E3%81%8F%E3%81%AB%E6%AD%BB%E5%88%91%E3%81%A8%E3%81%84%E3%81%88%E3%82%8B%E3%81%AE%E3%81%8B%EF%BD%9E-%EF%BC%92%E5%B7%BB-%E6%9D%BE%E6%A9%8B%E7%8A%AC%E8%BC%94-ebook/dp/B018S5JPKE/ref=sr_1_95?keywords=prison&qid=1661835990&s=books&sr=1-95
名探偵ドラマコミック 金田一耕助 獄門島・悪魔が来りて笛を吹く  ,4048538624,https://www.amazon.co.jp/%E9%87%91%E7%94%B0%E4%B8%80%E8%80%95%E5%8A%A9%E2%80%95%E7%8D%84%E9%96%80%E5%B3%B6%E3%83%BB%E6%82%AA%E9%AD%94%E3%81%8C%E6%9D%A5%E3%82%8A%E3%81%A6%E7%AC%9B%E3%82%92%E5%90%B9%E3%81%8F-%E5%8D%98%E8%A1%8C%E6%9C%AC%E3%82%B3%E3%83%9F%E3%83%83%E3%82%AF%E3%82%B9-%E6%A8%AA%E6%BA%9D-%E6%AD%A3%E5%8F%B2/dp/4048538624/ref=sr_1_96?keywords=prison&qid=1661835990&s=books&sr=1-96
天獄-HEAVEN'S PRISON- コミックセット (ヤングジャンプコミックス) [マーケットプレイスセット]  ,B00ENTHE9Y,https://www.amazon.co.jp/%E5%A4%A9%E7%8D%84-HEAVENS-PRISON-%E3%82%B3%E3%83%9F%E3%83%83%E3%82%AF%E3%82%BB%E3%83%83%E3%83%88-%E3%83%A4%E3%83%B3%E3%82%B0%E3%82%B8%E3%83%A3%E3%83%B3%E3%83%97%E3%82%B3%E3%83%9F%E3%83%83%E3%82%AF%E3%82%B9-%E3%83%9E%E3%83%BC%E3%82%B1%E3%83%83%E3%83%88%E3%83%97%E3%83%AC%E3%82%A4%E3%82%B9%E3%82%BB%E3%83%83%E3%83%88/dp/B00ENTHE9Y/ref=sr_1_97?keywords=prison&qid=1661835992&s=books&sr=1-97
山岸凉子全集 (1) 日出処の天子 (1) (あすかコミックス・スペシャル)  ,4049230011,https://www.amazon.co.jp/%E5%B1%B1%E5%B2%B8%E5%87%89%E5%AD%90%E5%85%A8%E9%9B%86-1-%E6%97%A5%E5%87%BA%E5%87%A6%E3%81%AE%E5%A4%A9%E5%AD%90-%E3%81%82%E3%81%99%E3%81%8B%E3%82%B3%E3%83%9F%E3%83%83%E3%82%AF%E3%82%B9%E3%83%BB%E3%82%B9%E3%83%9A%E3%82%B7%E3%83%A3%E3%83%AB/dp/4049230011/ref=sr_1_98?keywords=prison&qid=1661835992&s=books&sr=1-98
さそり 1 出獄票 (スーパー・ビジュアル・コミックス)  ,4091601111,https://www.amazon.co.jp/%E3%81%95%E3%81%9D%E3%82%8A-%E5%87%BA%E7%8D%84%E7%A5%A8-%E3%82%B9%E3%83%BC%E3%83%91%E3%83%BC%E3%83%BB%E3%83%93%E3%82%B8%E3%83%A5%E3%82%A2%E3%83%AB%E3%83%BB%E3%82%B3%E3%83%9F%E3%83%83%E3%82%AF%E3%82%B9-%E7%AF%A0%E5%8E%9F-%E3%81%A8%E3%81%8A%E3%82%8B/dp/4091601111/ref=sr_1_99?keywords=prison&qid=1661835992&s=books&sr=1-99
監獄のファラオ (シュバルツ・ヘルツ―黒い心臓―シリーズ) (コバルト文庫)  ,4086013479,https://www.amazon.co.jp/%E7%9B%A3%E7%8D%84%E3%81%AE%E3%83%95%E3%82%A1%E3%83%A9%E3%82%AA-%E3%82%B7%E3%83%A5%E3%83%90%E3%83%AB%E3%83%84%E3%83%BB%E3%83%98%E3%83%AB%E3%83%84%E2%80%95%E9%BB%92%E3%81%84%E5%BF%83%E8%87%93%E2%80%95%E3%82%B7%E3%83%AA%E3%83%BC%E3%82%BA-%E3%82%B3%E3%83%90%E3%83%AB%E3%83%88%E6%96%87%E5%BA%AB-%E6%A1%91%E5%8E%9F-%E6%B0%B4%E8%8F%9C/dp/4086013479/ref=sr_1_100?keywords=prison&qid=1661835992&s=books&sr=1-100
恋獄の獣との愛の日々 恋獄の獣に愛されて (ガッシュ文庫)  ,B008CC4V0I,https://www.amazon.co.jp/%E6%81%8B%E7%8D%84%E3%81%AE%E7%8D%A3%E3%81%A8%E3%81%AE%E6%84%9B%E3%81%AE%E6%97%A5%E3%80%85-%E3%82%AC%E3%83%83%E3%82%B7%E3%83%A5%E6%96%87%E5%BA%AB-%E5%90%89%E7%94%B0-%E7%8F%A0%E5%A7%AB-ebook/dp/B008CC4V0I/ref=sr_1_101?keywords=prison&qid=1661835992&s=books&sr=1-101
恋獄の獣に愛されて (ガッシュ文庫)  ,B00DSJSX4K,https://www.amazon.co.jp/%E6%81%8B%E7%8D%84%E3%81%AE%E7%8D%A3%E3%81%AB%E6%84%9B%E3%81%95%E3%82%8C%E3%81%A6-%E3%82%AC%E3%83%83%E3%82%B7%E3%83%A5%E6%96%87%E5%BA%AB-%E5%90%89%E7%94%B0-%E7%8F%A0%E5%A7%AB-ebook/dp/B00DSJSX4K/ref=sr_1_102?keywords=prison&qid=1661835992&s=books&sr=1-102
黒鏡の獄の煌少女―Replay:ゲヘナ アナスタシス (ジャイブTRPGシリーズ)  ,4861763894,https://www.amazon.co.jp/%E9%BB%92%E9%8F%A1%E3%81%AE%E7%8D%84%E3%81%AE%E7%85%8C%E5%B0%91%E5%A5%B3%E2%80%95Replay-%E3%82%A2%E3%83%8A%E3%82%B9%E3%82%BF%E3%82%B7%E3%82%B9-%E3%82%B8%E3%83%A3%E3%82%A4%E3%83%96TRPG%E3%82%B7%E3%83%AA%E3%83%BC%E3%82%BA-%E7%94%B0%E4%B8%AD-%E5%85%AC%E4%BE%8D/dp/4861763894/ref=sr_1_103?keywords=prison&qid=1661835992&s=books&sr=1-103
逆撃の獄は宿命(さだめ)の終局(おわり)―Replay:ゲヘナ アナスタシス (integral)  ,4861765196,https://www.amazon.co.jp/%E9%80%86%E6%92%83%E3%81%AE%E7%8D%84%E3%81%AF%E5%AE%BF%E5%91%BD-%E3%81%95%E3%81%A0%E3%82%81-%E3%81%AE%E7%B5%82%E5%B1%80-%E3%81%8A%E3%82%8F%E3%82%8A-%E2%80%95Replay/dp/4861765196/ref=sr_1_104?keywords=prison&qid=1661835992&s=books&sr=1-104
スリピッシュ! ―東方牢城の主― (スリピッシュシリーズ) (コバルト文庫)  ,4086143178,https://www.amazon.co.jp/%E3%82%B9%E3%83%AA%E3%83%94%E3%83%83%E3%82%B7%E3%83%A5-%E2%80%95%E6%9D%B1%E6%96%B9%E7%89%A2%E5%9F%8E%E3%81%AE%E4%B8%BB%E2%80%95-%E3%82%B9%E3%83%AA%E3%83%94%E3%83%83%E3%82%B7%E3%83%A5%E3%82%B7%E3%83%AA%E3%83%BC%E3%82%BA-%E3%82%B3%E3%83%90%E3%83%AB%E3%83%88%E6%96%87%E5%BA%AB-%E4%BB%8A%E9%87%8E/dp/4086143178/ref=sr_1_105?keywords=prison&qid=1661835992&s=books&sr=1-105
白冥の獄1下 - 武術大会の光と影 (C・NOVELSファンタジア)  ,4125012482,https://www.amazon.co.jp/%E7%99%BD%E5%86%A5%E3%81%AE%E7%8D%841%E4%B8%8B-%E6%AD%A6%E8%A1%93%E5%A4%A7%E4%BC%9A%E3%81%AE%E5%85%89%E3%81%A8%E5%BD%B1-C%E3%83%BBNOVELS%E3%83%95%E3%82%A1%E3%83%B3%E3%82%BF%E3%82%B8%E3%82%A2-%E3%82%B8%E3%83%B3%E3%83%BB%E3%83%98%E3%82%A4%E3%83%AB/dp/4125012482/ref=sr_1_106?keywords=prison&qid=1661835992&s=books&sr=1-106
白冥の獄1上 - 王立学院の出会い (C・NOVELSファンタジア)  ,4125012474,https://www.amazon.co.jp/%E7%99%BD%E5%86%A5%E3%81%AE%E7%8D%841%E4%B8%8A-%E7%8E%8B%E7%AB%8B%E5%AD%A6%E9%99%A2%E3%81%AE%E5%87%BA%E4%BC%9A%E3%81%84-C%E3%83%BBNOVELS%E3%83%95%E3%82%A1%E3%83%B3%E3%82%BF%E3%82%B8%E3%82%A2-%E3%82%B8%E3%83%B3%E3%83%BB%E3%83%98%E3%82%A4%E3%83%AB/dp/4125012474/ref=sr_1_107?keywords=prison&qid=1661835992&s=books&sr=1-107
グルア監獄 - 蒼穹に響く銃声と終焉の月 (C★NOVELS)  ,B00DM1VH8S,https://www.amazon.co.jp/%E3%82%B0%E3%83%AB%E3%82%A2%E7%9B%A3%E7%8D%84-%E8%92%BC%E7%A9%B9%E3%81%AB%E9%9F%BF%E3%81%8F%E9%8A%83%E5%A3%B0%E3%81%A8%E7%B5%82%E7%84%89%E3%81%AE%E6%9C%88-C%E2%98%85NOVELS-%E4%B9%9D%E6%9D%A1%E8%8F%9C%E6%9C%88-ebook/dp/B00DM1VH8S/ref=sr_1_108?keywords=prison&qid=1661835992&s=books&sr=1-108
Le Journalisme intégral  ,B097X76HYN,https://www.amazon.co.jp/Le-Journalisme-int%C3%A9gral/dp/B097X76HYN/ref=sr_1_109?keywords=prison&qid=1661835992&s=books&sr=1-109
Deepwater Prison-Adventspaket: Band 1 - 3 zum Sonderpreis: Die komplette Tiefsee-Mystery-Comicserie  ,3967920135,https://www.amazon.co.jp/Deepwater-Prison-Adventspaket-Sonderpreis-komplette-Tiefsee-Mystery-Comicserie/dp/3967920135/ref=sr_1_110?keywords=prison&qid=1661835992&s=books&sr=1-110
Prison Break: Season 1  ,B0015TZTQU,https://www.amazon.co.jp/Prison-Break-Season-1/dp/B0015TZTQU/ref=sr_1_111?keywords=prison&qid=1661835992&s=books&sr=1-111
Prison Break: Season 2  ,B002NTFJAC,https://www.amazon.co.jp/Prison-Break-Season-2/dp/B002NTFJAC/ref=sr_1_112?keywords=prison&qid=1661835992&s=books&sr=1-112
